[{"COD":"ECP131414", "Nombre":"Total. Todas las edades. Albacete. Población. Número. ", "T3_Unidad":"Personas", "T3_Escala":" ", "MetaData":[{"Id":451, "T3_Variable":"Sexo", "Nombre":"Total", "Codigo":""}
,{"Id":15668, "T3_Variable":"Totales de edad", "Nombre":"Todas las edades", "Codigo":""}
,{"Id":3, "T3_Variable":"Provincias", "Nombre":"Albacete", "Codigo":"02"}
,{"Id":17338, "T3_Variable":"Nacimiento Residencia", "Nombre":"Población", "Codigo":""}
,{"Id":11879, "T3_Variable":"Tipo de dato", "Nombre":"Número", "Codigo":""}
]
, "Data":[{"Fecha":"2025-04-01T00:00:00.000+02:00", "T3_TipoDato":"Provisional", "T3_Periodo":"1 de abril de", "Anyo":2025, "Valor":389791.0}
]
}
,{"COD":"ECP131413", "Nombre":"Total. Todas las edades. Alicante/Alacant. Población. Número. ", "T3_Unidad":"Personas", "T3_Escala":" ", "MetaData":[{"Id":451, "T3_Variable":"Sexo", "Nombre":"Total", "Codigo":""}
,{"Id":15668, "T3_Variable":"Totales de edad", "Nombre":"Todas las edades", "Codigo":""}
,{"Id":4, "T3_Variable":"Provincias", "Nombre":"Alicante/Alacant", "Codigo":"03"}
,{"Id":17338, "T3_Variable":"Nacimiento Residencia", "Nombre":"Población", "Codigo":""}
,{"Id":11879, "T3_Variable":"Tipo de dato", "Nombre":"Número", "Codigo":""}
]
, "Data":[{"Fecha":"2025-04-01T00:00:00.000+02:00", "T3_TipoDato":"Provisional", "T3_Periodo":"1 de abril de", "Anyo":2025, "Valor":2038784.0}
]
}
,{"COD":"ECP131412", "Nombre":"Total. Todas las edades. Almería. Población. Número. ", "T3_Unidad":"Personas", "T3_Escala":" ", "MetaData":[{"Id":451, "T3_Variable":"Sexo", "Nombre":"Total", "Codigo":""}
,{"Id":15668, "T3_Variable":"Totales de edad", "Nombre":"Todas las edades", "Codigo":""}
,{"Id":5, "T3_Variable":"Provincias", "Nombre":"Almería", "Codigo":"04"}
,{"Id":17338, "T3_Variable":"Nacimiento Residencia", "Nombre":"Población", "Codigo":""}
,{"Id":11879, "T3_Variable":"Tipo de dato", "Nombre":"Número", "Codigo":""}
]
, "Data":[{"Fecha":"2025-04-01T00:00:00.000+02:00", "T3_TipoDato":"Provisional", "T3_Periodo":"1 de abril de", "Anyo":2025, "Valor":773384.0}
]
}
,{"COD":"ECP131411", "Nombre":"Total. Todas las edades. Araba/Álava. Población. Número. ", "T3_Unidad":"Personas", "T3_Escala":" ", "MetaData":[{"Id":451, "T3_Variable":"Sexo", "Nombre":"Total", "Codigo":""}
,{"Id":15668, "T3_Variable":"Totales de edad", "Nombre":"Todas las edades", "Codigo":""}
,{"Id":2, "T3_Variable":"Provincias", "Nombre":"Araba/Álava", "Codigo":"01"}
,{"Id":17338, "T3_Variable":"Nacimiento Residencia", "Nombre":"Población", "Codigo":""}
,{"Id":11879, "T3_Variable":"Tipo de dato", "Nombre":"Número", "Codigo":""}
]
, "Data":[{"Fecha":"2025-04-01T00:00:00.000+02:00", "T3_TipoDato":"Provisional", "T3_Periodo":"1 de abril de", "Anyo":2025, "Valor":342062.0}
]
}
,{"COD":"ECP131410", "Nombre":"Total. Todas las edades. Asturias. Población. Número. ", "T3_Unidad":"Personas", "T3_Escala":" ", "MetaData":[{"Id":451, "T3_Variable":"Sexo", "Nombre":"Total", "Codigo":""}
,{"Id":15668, "T3_Variable":"Totales de edad", "Nombre":"Todas las edades", "Codigo":""}
,{"Id":33, "T3_Variable":"Provincias", "Nombre":"Asturias", "Codigo":"33"}
,{"Id":17338, "T3_Variable":"Nacimiento Residencia", "Nombre":"Población", "Codigo":""}
,{"Id":11879, "T3_Variable":"Tipo de dato", "Nombre":"Número", "Codigo":""}
]
, "Data":[{"Fecha":"2025-04-01T00:00:00.000+02:00", "T3_TipoDato":"Provisional", "T3_Periodo":"1 de abril de", "Anyo":2025, "Valor":1014921.0}
]
}
,{"COD":"ECP131409", "Nombre":"Total. Todas las edades. Ávila. Población. Número. ", "T3_Unidad":"Personas", "T3_Escala":" ", "MetaData":[{"Id":451, "T3_Variable":"Sexo", "Nombre":"Total", "Codigo":""}
,{"Id":15668, "T3_Variable":"Totales de edad", "Nombre":"Todas las edades", "Codigo":""}
,{"Id":6, "T3_Variable":"Provincias", "Nombre":"Ávila", "Codigo":"05"}
,{"Id":17338, "T3_Variable":"Nacimiento Residencia", "Nombre":"Población", "Codigo":""}
,{"Id":11879, "T3_Variable":"Tipo de dato", "Nombre":"Número", "Codigo":""}
]
, "Data":[{"Fecha":"2025-04-01T00:00:00.000+02:00", "T3_TipoDato":"Provisional", "T3_Periodo":"1 de abril de", "Anyo":2025, "Valor":160669.0}
]
}
,{"COD":"ECP131408", "Nombre":"Total. Todas las edades. Badajoz. Población. Número. ", "T3_Unidad":"Personas", "T3_Escala":" ", "MetaData":[{"Id":451, "T3_Variable":"Sexo", "Nombre":"Total", "Codigo":""}
,{"Id":15668, "T3_Variable":"Totales de edad", "Nombre":"Todas las edades", "Codigo":""}
,{"Id":7, "T3_Variable":"Provincias", "Nombre":"Badajoz", "Codigo":"06"}
,{"Id":17338, "T3_Variable":"Nacimiento Residencia", "Nombre":"Población", "Codigo":""}
,{"Id":11879, "T3_Variable":"Tipo de dato", "Nombre":"Número", "Codigo":""}
]
, "Data":[{"Fecha":"2025-04-01T00:00:00.000+02:00", "T3_TipoDato":"Provisional", "T3_Periodo":"1 de abril de", "Anyo":2025, "Valor":665107.0}
]
}
,{"COD":"ECP131407", "Nombre":"Total. Todas las edades. Balears, Illes. Población. Número. ", "T3_Unidad":"Personas", "T3_Escala":" ", "MetaData":[{"Id":451, "T3_Variable":"Sexo", "Nombre":"Total", "Codigo":""}
,{"Id":15668, "T3_Variable":"Totales de edad", "Nombre":"Todas las edades", "Codigo":""}
,{"Id":8, "T3_Variable":"Provincias", "Nombre":"Balears, Illes", "Codigo":"07"}
,{"Id":17338, "T3_Variable":"Nacimiento Residencia", "Nombre":"Población", "Codigo":""}
,{"Id":11879, "T3_Variable":"Tipo de dato", "Nombre":"Número", "Codigo":""}
]
, "Data":[{"Fecha":"2025-04-01T00:00:00.000+02:00", "T3_TipoDato":"Provisional", "T3_Periodo":"1 de abril de", "Anyo":2025, "Valor":1244326.0}
]
}
,{"COD":"ECP131406", "Nombre":"Total. Todas las edades. Barcelona. Población. Número. ", "T3_Unidad":"Personas", "T3_Escala":" ", "MetaData":[{"Id":451, "T3_Variable":"Sexo", "Nombre":"Total", "Codigo":""}
,{"Id":15668, "T3_Variable":"Totales de edad", "Nombre":"Todas las edades", "Codigo":""}
,{"Id":9, "T3_Variable":"Provincias", "Nombre":"Barcelona", "Codigo":"08"}
,{"Id":17338, "T3_Variable":"Nacimiento Residencia", "Nombre":"Población", "Codigo":""}
,{"Id":11879, "T3_Variable":"Tipo de dato", "Nombre":"Número", "Codigo":""}
]
, "Data":[{"Fecha":"2025-04-01T00:00:00.000+02:00", "T3_TipoDato":"Provisional", "T3_Periodo":"1 de abril de", "Anyo":2025, "Valor":5958160.0}
]
}
,{"COD":"ECP131405", "Nombre":"Total. Todas las edades. Bizkaia. Población. Número. ", "T3_Unidad":"Personas", "T3_Escala":" ", "MetaData":[{"Id":451, "T3_Variable":"Sexo", "Nombre":"Total", "Codigo":""}
,{"Id":15668, "T3_Variable":"Totales de edad", "Nombre":"Todas las edades", "Codigo":""}
,{"Id":48, "T3_Variable":"Provincias", "Nombre":"Bizkaia", "Codigo":"48"}
,{"Id":17338, "T3_Variable":"Nacimiento Residencia", "Nombre":"Población", "Codigo":""}
,{"Id":11879, "T3_Variable":"Tipo de dato", "Nombre":"Número", "Codigo":""}
]
, "Data":[{"Fecha":"2025-04-01T00:00:00.000+02:00", "T3_TipoDato":"Provisional", "T3_Periodo":"1 de abril de", "Anyo":2025, "Valor":1167866.0}
]
}
,{"COD":"ECP131404", "Nombre":"Total. Todas las edades. Burgos. Población. Número. ", "T3_Unidad":"Personas", "T3_Escala":" ", "MetaData":[{"Id":451, "T3_Variable":"Sexo", "Nombre":"Total", "Codigo":""}
,{"Id":15668, "T3_Variable":"Totales de edad", "Nombre":"Todas las edades", "Codigo":""}
,{"Id":10, "T3_Variable":"Provincias", "Nombre":"Burgos", "Codigo":"09"}
,{"Id":17338, "T3_Variable":"Nacimiento Residencia", "Nombre":"Población", "Codigo":""}
,{"Id":11879, "T3_Variable":"Tipo de dato", "Nombre":"Número", "Codigo":""}
]
, "Data":[{"Fecha":"2025-04-01T00:00:00.000+02:00", "T3_TipoDato":"Provisional", "T3_Periodo":"1 de abril de", "Anyo":2025, "Valor":362940.0}
]
}
,{"COD":"ECP131403", "Nombre":"Total. Todas las edades. Cáceres. Población. Número. ", "T3_Unidad":"Personas", "T3_Escala":" ", "MetaData":[{"Id":451, "T3_Variable":"Sexo", "Nombre":"Total", "Codigo":""}
,{"Id":15668, "T3_Variable":"Totales de edad", "Nombre":"Todas las edades", "Codigo":""}
,{"Id":11, "T3_Variable":"Provincias", "Nombre":"Cáceres", "Codigo":"10"}
,{"Id":17338, "T3_Variable":"Nacimiento Residencia", "Nombre":"Población", "Codigo":""}
,{"Id":11879, "T3_Variable":"Tipo de dato", "Nombre":"Número", "Codigo":""}
]
, "Data":[{"Fecha":"2025-04-01T00:00:00.000+02:00", "T3_TipoDato":"Provisional", "T3_Periodo":"1 de abril de", "Anyo":2025, "Valor":387756.0}
]
}
,{"COD":"ECP131402", "Nombre":"Total. Todas las edades. Cádiz. Población. Número. ", "T3_Unidad":"Personas", "T3_Escala":" ", "MetaData":[{"Id":451, "T3_Variable":"Sexo", "Nombre":"Total", "Codigo":""}
,{"Id":15668, "T3_Variable":"Totales de edad", "Nombre":"Todas las edades", "Codigo":""}
,{"Id":12, "T3_Variable":"Provincias", "Nombre":"Cádiz", "Codigo":"11"}
,{"Id":17338, "T3_Variable":"Nacimiento Residencia", "Nombre":"Población", "Codigo":""}
,{"Id":11879, "T3_Variable":"Tipo de dato", "Nombre":"Número", "Codigo":""}
]
, "Data":[{"Fecha":"2025-04-01T00:00:00.000+02:00", "T3_TipoDato":"Provisional", "T3_Periodo":"1 de abril de", "Anyo":2025, "Valor":1262502.0}
]
}
,{"COD":"ECP131401", "Nombre":"Total. Todas las edades. Cantabria. Población. Número. ", "T3_Unidad":"Personas", "T3_Escala":" ", "MetaData":[{"Id":451, "T3_Variable":"Sexo", "Nombre":"Total", "Codigo":""}
,{"Id":15668, "T3_Variable":"Totales de edad", "Nombre":"Todas las edades", "Codigo":""}
,{"Id":39, "T3_Variable":"Provincias", "Nombre":"Cantabria", "Codigo":"39"}
,{"Id":17338, "T3_Variable":"Nacimiento Residencia", "Nombre":"Población", "Codigo":""}
,{"Id":11879, "T3_Variable":"Tipo de dato", "Nombre":"Número", "Codigo":""}
]
, "Data":[{"Fecha":"2025-04-01T00:00:00.000+02:00", "T3_TipoDato":"Provisional", "T3_Periodo":"1 de abril de", "Anyo":2025, "Valor":593502.0}
]
}
,{"COD":"ECP131400", "Nombre":"Total. Todas las edades. Castellón/Castelló. Población. Número. ", "T3_Unidad":"Personas", "T3_Escala":" ", "MetaData":[{"Id":451, "T3_Variable":"Sexo", "Nombre":"Total", "Codigo":""}
,{"Id":15668, "T3_Variable":"Totales de edad", "Nombre":"Todas las edades", "Codigo":""}
,{"Id":13, "T3_Variable":"Provincias", "Nombre":"Castellón/Castelló", "Codigo":"12"}
,{"Id":17338, "T3_Variable":"Nacimiento Residencia", "Nombre":"Población", "Codigo":""}
,{"Id":11879, "T3_Variable":"Tipo de dato", "Nombre":"Número", "Codigo":""}
]
, "Data":[{"Fecha":"2025-04-01T00:00:00.000+02:00", "T3_TipoDato":"Provisional", "T3_Periodo":"1 de abril de", "Anyo":2025, "Valor":629295.0}
]
}
,{"COD":"ECP131399", "Nombre":"Total. Todas las edades. Ciudad Real. Población. Número. ", "T3_Unidad":"Personas", "T3_Escala":" ", "MetaData":[{"Id":451, "T3_Variable":"Sexo", "Nombre":"Total", "Codigo":""}
,{"Id":15668, "T3_Variable":"Totales de edad", "Nombre":"Todas las edades", "Codigo":""}
,{"Id":14, "T3_Variable":"Provincias", "Nombre":"Ciudad Real", "Codigo":"13"}
,{"Id":17338, "T3_Variable":"Nacimiento Residencia", "Nombre":"Población", "Codigo":""}
,{"Id":11879, "T3_Variable":"Tipo de dato", "Nombre":"Número", "Codigo":""}
]
, "Data":[{"Fecha":"2025-04-01T00:00:00.000+02:00", "T3_TipoDato":"Provisional", "T3_Periodo":"1 de abril de", "Anyo":2025, "Valor":494558.0}
]
}
,{"COD":"ECP131398", "Nombre":"Total. Todas las edades. Córdoba. Población. Número. ", "T3_Unidad":"Personas", "T3_Escala":" ", "MetaData":[{"Id":451, "T3_Variable":"Sexo", "Nombre":"Total", "Codigo":""}
,{"Id":15668, "T3_Variable":"Totales de edad", "Nombre":"Todas las edades", "Codigo":""}
,{"Id":15, "T3_Variable":"Provincias", "Nombre":"Córdoba", "Codigo":"14"}
,{"Id":17338, "T3_Variable":"Nacimiento Residencia", "Nombre":"Población", "Codigo":""}
,{"Id":11879, "T3_Variable":"Tipo de dato", "Nombre":"Número", "Codigo":""}
]
, "Data":[{"Fecha":"2025-04-01T00:00:00.000+02:00", "T3_TipoDato":"Provisional", "T3_Periodo":"1 de abril de", "Anyo":2025, "Valor":769398.0}
]
}
,{"COD":"ECP131397", "Nombre":"Total. Todas las edades. Coruña, A. Población. Número. ", "T3_Unidad":"Personas", "T3_Escala":" ", "MetaData":[{"Id":451, "T3_Variable":"Sexo", "Nombre":"Total", "Codigo":""}
,{"Id":15668, "T3_Variable":"Totales de edad", "Nombre":"Todas las edades", "Codigo":""}
,{"Id":16, "T3_Variable":"Provincias", "Nombre":"Coruña, A", "Codigo":"15"}
,{"Id":17338, "T3_Variable":"Nacimiento Residencia", "Nombre":"Población", "Codigo":""}
,{"Id":11879, "T3_Variable":"Tipo de dato", "Nombre":"Número", "Codigo":""}
]
, "Data":[{"Fecha":"2025-04-01T00:00:00.000+02:00", "T3_TipoDato":"Provisional", "T3_Periodo":"1 de abril de", "Anyo":2025, "Valor":1135950.0}
]
}
,{"COD":"ECP131396", "Nombre":"Total. Todas las edades. Cuenca. Población. Número. ", "T3_Unidad":"Personas", "T3_Escala":" ", "MetaData":[{"Id":451, "T3_Variable":"Sexo", "Nombre":"Total", "Codigo":""}
,{"Id":15668, "T3_Variable":"Totales de edad", "Nombre":"Todas las edades", "Codigo":""}
,{"Id":17, "T3_Variable":"Provincias", "Nombre":"Cuenca", "Codigo":"16"}
,{"Id":17338, "T3_Variable":"Nacimiento Residencia", "Nombre":"Población", "Codigo":""}
,{"Id":11879, "T3_Variable":"Tipo de dato", "Nombre":"Número", "Codigo":""}
]
, "Data":[{"Fecha":"2025-04-01T00:00:00.000+02:00", "T3_TipoDato":"Provisional", "T3_Periodo":"1 de abril de", "Anyo":2025, "Valor":199138.0}
]
}
,{"COD":"ECP131395", "Nombre":"Total. Todas las edades. Gipuzkoa. Población. Número. ", "T3_Unidad":"Personas", "T3_Escala":" ", "MetaData":[{"Id":451, "T3_Variable":"Sexo", "Nombre":"Total", "Codigo":""}
,{"Id":15668, "T3_Variable":"Totales de edad", "Nombre":"Todas las edades", "Codigo":""}
,{"Id":21, "T3_Variable":"Provincias", "Nombre":"Gipuzkoa", "Codigo":"20"}
,{"Id":17338, "T3_Variable":"Nacimiento Residencia", "Nombre":"Población", "Codigo":""}
,{"Id":11879, "T3_Variable":"Tipo de dato", "Nombre":"Número", "Codigo":""}
]
, "Data":[{"Fecha":"2025-04-01T00:00:00.000+02:00", "T3_TipoDato":"Provisional", "T3_Periodo":"1 de abril de", "Anyo":2025, "Valor":732640.0}
]
}
,{"COD":"ECP131394", "Nombre":"Total. Todas las edades. Girona. Población. Número. ", "T3_Unidad":"Personas", "T3_Escala":" ", "MetaData":[{"Id":451, "T3_Variable":"Sexo", "Nombre":"Total", "Codigo":""}
,{"Id":15668, "T3_Variable":"Totales de edad", "Nombre":"Todas las edades", "Codigo":""}
,{"Id":18, "T3_Variable":"Provincias", "Nombre":"Girona", "Codigo":"17"}
,{"Id":17338, "T3_Variable":"Nacimiento Residencia", "Nombre":"Población", "Codigo":""}
,{"Id":11879, "T3_Variable":"Tipo de dato", "Nombre":"Número", "Codigo":""}
]
, "Data":[{"Fecha":"2025-04-01T00:00:00.000+02:00", "T3_TipoDato":"Provisional", "T3_Periodo":"1 de abril de", "Anyo":2025, "Valor":830810.0}
]
}
,{"COD":"ECP131393", "Nombre":"Total. Todas las edades. Granada. Población. Número. ", "T3_Unidad":"Personas", "T3_Escala":" ", "MetaData":[{"Id":451, "T3_Variable":"Sexo", "Nombre":"Total", "Codigo":""}
,{"Id":15668, "T3_Variable":"Totales de edad", "Nombre":"Todas las edades", "Codigo":""}
,{"Id":19, "T3_Variable":"Provincias", "Nombre":"Granada", "Codigo":"18"}
,{"Id":17338, "T3_Variable":"Nacimiento Residencia", "Nombre":"Población", "Codigo":""}
,{"Id":11879, "T3_Variable":"Tipo de dato", "Nombre":"Número", "Codigo":""}
]
, "Data":[{"Fecha":"2025-04-01T00:00:00.000+02:00", "T3_TipoDato":"Provisional", "T3_Periodo":"1 de abril de", "Anyo":2025, "Valor":944283.0}
]
}
,{"COD":"ECP131392", "Nombre":"Total. Todas las edades. Guadalajara. Población. Número. ", "T3_Unidad":"Personas", "T3_Escala":" ", "MetaData":[{"Id":451, "T3_Variable":"Sexo", "Nombre":"Total", "Codigo":""}
,{"Id":15668, "T3_Variable":"Totales de edad", "Nombre":"Todas las edades", "Codigo":""}
,{"Id":20, "T3_Variable":"Provincias", "Nombre":"Guadalajara", "Codigo":"19"}
,{"Id":17338, "T3_Variable":"Nacimiento Residencia", "Nombre":"Población", "Codigo":""}
,{"Id":11879, "T3_Variable":"Tipo de dato", "Nombre":"Número", "Codigo":""}
]
, "Data":[{"Fecha":"2025-04-01T00:00:00.000+02:00", "T3_TipoDato":"Provisional", "T3_Periodo":"1 de abril de", "Anyo":2025, "Valor":286538.0}
]
}
,{"COD":"ECP131391", "Nombre":"Total. Todas las edades. Huelva. Población. Número. ", "T3_Unidad":"Personas", "T3_Escala":" ", "MetaData":[{"Id":451, "T3_Variable":"Sexo", "Nombre":"Total", "Codigo":""}
,{"Id":15668, "T3_Variable":"Totales de edad", "Nombre":"Todas las edades", "Codigo":""}
,{"Id":22, "T3_Variable":"Provincias", "Nombre":"Huelva", "Codigo":"21"}
,{"Id":17338, "T3_Variable":"Nacimiento Residencia", "Nombre":"Población", "Codigo":""}
,{"Id":11879, "T3_Variable":"Tipo de dato", "Nombre":"Número", "Codigo":""}
]
, "Data":[{"Fecha":"2025-04-01T00:00:00.000+02:00", "T3_TipoDato":"Provisional", "T3_Periodo":"1 de abril de", "Anyo":2025, "Valor":536766.0}
]
}
,{"COD":"ECP131390", "Nombre":"Total. Todas las edades. Huesca. Población. Número. ", "T3_Unidad":"Personas", "T3_Escala":" ", "MetaData":[{"Id":451, "T3_Variable":"Sexo", "Nombre":"Total", "Codigo":""}
,{"Id":15668, "T3_Variable":"Totales de edad", "Nombre":"Todas las edades", "Codigo":""}
,{"Id":23, "T3_Variable":"Provincias", "Nombre":"Huesca", "Codigo":"22"}
,{"Id":17338, "T3_Variable":"Nacimiento Residencia", "Nombre":"Población", "Codigo":""}
,{"Id":11879, "T3_Variable":"Tipo de dato", "Nombre":"Número", "Codigo":""}
]
, "Data":[{"Fecha":"2025-04-01T00:00:00.000+02:00", "T3_TipoDato":"Provisional", "T3_Periodo":"1 de abril de", "Anyo":2025, "Valor":230469.0}
]
}
,{"COD":"ECP131389", "Nombre":"Total. Todas las edades. Jaén. Población. Número. ", "T3_Unidad":"Personas", "T3_Escala":" ", "MetaData":[{"Id":451, "T3_Variable":"Sexo", "Nombre":"Total", "Codigo":""}
,{"Id":15668, "T3_Variable":"Totales de edad", "Nombre":"Todas las edades", "Codigo":""}
,{"Id":24, "T3_Variable":"Provincias", "Nombre":"Jaén", "Codigo":"23"}
,{"Id":17338, "T3_Variable":"Nacimiento Residencia", "Nombre":"Población", "Codigo":""}
,{"Id":11879, "T3_Variable":"Tipo de dato", "Nombre":"Número", "Codigo":""}
]
, "Data":[{"Fecha":"2025-04-01T00:00:00.000+02:00", "T3_TipoDato":"Provisional", "T3_Periodo":"1 de abril de", "Anyo":2025, "Valor":617714.0}
]
}
,{"COD":"ECP131388", "Nombre":"Total. Todas las edades. León. Población. Número. ", "T3_Unidad":"Personas", "T3_Escala":" ", "MetaData":[{"Id":451, "T3_Variable":"Sexo", "Nombre":"Total", "Codigo":""}
,{"Id":15668, "T3_Variable":"Totales de edad", "Nombre":"Todas las edades", "Codigo":""}
,{"Id":25, "T3_Variable":"Provincias", "Nombre":"León", "Codigo":"24"}
,{"Id":17338, "T3_Variable":"Nacimiento Residencia", "Nombre":"Población", "Codigo":""}
,{"Id":11879, "T3_Variable":"Tipo de dato", "Nombre":"Número", "Codigo":""}
]
, "Data":[{"Fecha":"2025-04-01T00:00:00.000+02:00", "T3_TipoDato":"Provisional", "T3_Periodo":"1 de abril de", "Anyo":2025, "Valor":446629.0}
]
}
,{"COD":"ECP131387", "Nombre":"Total. Todas las edades. Lleida. Población. Número. ", "T3_Unidad":"Personas", "T3_Escala":" ", "MetaData":[{"Id":451, "T3_Variable":"Sexo", "Nombre":"Total", "Codigo":""}
,{"Id":15668, "T3_Variable":"Totales de edad", "Nombre":"Todas las edades", "Codigo":""}
,{"Id":26, "T3_Variable":"Provincias", "Nombre":"Lleida", "Codigo":"25"}
,{"Id":17338, "T3_Variable":"Nacimiento Residencia", "Nombre":"Población", "Codigo":""}
,{"Id":11879, "T3_Variable":"Tipo de dato", "Nombre":"Número", "Codigo":""}
]
, "Data":[{"Fecha":"2025-04-01T00:00:00.000+02:00", "T3_TipoDato":"Provisional", "T3_Periodo":"1 de abril de", "Anyo":2025, "Valor":457694.0}
]
}
,{"COD":"ECP131386", "Nombre":"Total. Todas las edades. Lugo. Población. Número. ", "T3_Unidad":"Personas", "T3_Escala":" ", "MetaData":[{"Id":451, "T3_Variable":"Sexo", "Nombre":"Total", "Codigo":""}
,{"Id":15668, "T3_Variable":"Totales de edad", "Nombre":"Todas las edades", "Codigo":""}
,{"Id":28, "T3_Variable":"Provincias", "Nombre":"Lugo", "Codigo":"27"}
,{"Id":17338, "T3_Variable":"Nacimiento Residencia", "Nombre":"Población", "Codigo":""}
,{"Id":11879, "T3_Variable":"Tipo de dato", "Nombre":"Número", "Codigo":""}
]
, "Data":[{"Fecha":"2025-04-01T00:00:00.000+02:00", "T3_TipoDato":"Provisional", "T3_Periodo":"1 de abril de", "Anyo":2025, "Valor":326071.0}
]
}
,{"COD":"ECP131385", "Nombre":"Total. Todas las edades. Madrid. Población. Número. ", "T3_Unidad":"Personas", "T3_Escala":" ", "MetaData":[{"Id":451, "T3_Variable":"Sexo", "Nombre":"Total", "Codigo":""}
,{"Id":15668, "T3_Variable":"Totales de edad", "Nombre":"Todas las edades", "Codigo":""}
,{"Id":29, "T3_Variable":"Provincias", "Nombre":"Madrid", "Codigo":"28"}
,{"Id":17338, "T3_Variable":"Nacimiento Residencia", "Nombre":"Población", "Codigo":""}
,{"Id":11879, "T3_Variable":"Tipo de dato", "Nombre":"Número", "Codigo":""}
]
, "Data":[{"Fecha":"2025-04-01T00:00:00.000+02:00", "T3_TipoDato":"Provisional", "T3_Periodo":"1 de abril de", "Anyo":2025, "Valor":7157541.0}
]
}
,{"COD":"ECP131384", "Nombre":"Total. Todas las edades. Málaga. Población. Número. ", "T3_Unidad":"Personas", "T3_Escala":" ", "MetaData":[{"Id":451, "T3_Variable":"Sexo", "Nombre":"Total", "Codigo":""}
,{"Id":15668, "T3_Variable":"Totales de edad", "Nombre":"Todas las edades", "Codigo":""}
,{"Id":30, "T3_Variable":"Provincias", "Nombre":"Málaga", "Codigo":"29"}
,{"Id":17338, "T3_Variable":"Nacimiento Residencia", "Nombre":"Población", "Codigo":""}
,{"Id":11879, "T3_Variable":"Tipo de dato", "Nombre":"Número", "Codigo":""}
]
, "Data":[{"Fecha":"2025-04-01T00:00:00.000+02:00", "T3_TipoDato":"Provisional", "T3_Periodo":"1 de abril de", "Anyo":2025, "Valor":1788464.0}
]
}
,{"COD":"ECP131383", "Nombre":"Total. Todas las edades. Murcia. Población. Número. ", "T3_Unidad":"Personas", "T3_Escala":" ", "MetaData":[{"Id":451, "T3_Variable":"Sexo", "Nombre":"Total", "Codigo":""}
,{"Id":15668, "T3_Variable":"Totales de edad", "Nombre":"Todas las edades", "Codigo":""}
,{"Id":31, "T3_Variable":"Provincias", "Nombre":"Murcia", "Codigo":"30"}
,{"Id":17338, "T3_Variable":"Nacimiento Residencia", "Nombre":"Población", "Codigo":""}
,{"Id":11879, "T3_Variable":"Tipo de dato", "Nombre":"Número", "Codigo":""}
]
, "Data":[{"Fecha":"2025-04-01T00:00:00.000+02:00", "T3_TipoDato":"Provisional", "T3_Periodo":"1 de abril de", "Anyo":2025, "Valor":1588891.0}
]
}
,{"COD":"ECP131382", "Nombre":"Total. Todas las edades. Navarra. Población. Número. ", "T3_Unidad":"Personas", "T3_Escala":" ", "MetaData":[{"Id":451, "T3_Variable":"Sexo", "Nombre":"Total", "Codigo":""}
,{"Id":15668, "T3_Variable":"Totales de edad", "Nombre":"Todas las edades", "Codigo":""}
,{"Id":32, "T3_Variable":"Provincias", "Nombre":"Navarra", "Codigo":"31"}
,{"Id":17338, "T3_Variable":"Nacimiento Residencia", "Nombre":"Población", "Codigo":""}
,{"Id":11879, "T3_Variable":"Tipo de dato", "Nombre":"Número", "Codigo":""}
]
, "Data":[{"Fecha":"2025-04-01T00:00:00.000+02:00", "T3_TipoDato":"Provisional", "T3_Periodo":"1 de abril de", "Anyo":2025, "Valor":684871.0}
]
}
,{"COD":"ECP131381", "Nombre":"Total. Todas las edades. Ourense. Población. Número. ", "T3_Unidad":"Personas", "T3_Escala":" ", "MetaData":[{"Id":451, "T3_Variable":"Sexo", "Nombre":"Total", "Codigo":""}
,{"Id":15668, "T3_Variable":"Totales de edad", "Nombre":"Todas las edades", "Codigo":""}
,{"Id":53, "T3_Variable":"Provincias", "Nombre":"Ourense", "Codigo":"32"}
,{"Id":17338, "T3_Variable":"Nacimiento Residencia", "Nombre":"Población", "Codigo":""}
,{"Id":11879, "T3_Variable":"Tipo de dato", "Nombre":"Número", "Codigo":""}
]
, "Data":[{"Fecha":"2025-04-01T00:00:00.000+02:00", "T3_TipoDato":"Provisional", "T3_Periodo":"1 de abril de", "Anyo":2025, "Valor":305618.0}
]
}
,{"COD":"ECP131380", "Nombre":"Total. Todas las edades. Palencia. Población. Número. ", "T3_Unidad":"Personas", "T3_Escala":" ", "MetaData":[{"Id":451, "T3_Variable":"Sexo", "Nombre":"Total", "Codigo":""}
,{"Id":15668, "T3_Variable":"Totales de edad", "Nombre":"Todas las edades", "Codigo":""}
,{"Id":34, "T3_Variable":"Provincias", "Nombre":"Palencia", "Codigo":"34"}
,{"Id":17338, "T3_Variable":"Nacimiento Residencia", "Nombre":"Población", "Codigo":""}
,{"Id":11879, "T3_Variable":"Tipo de dato", "Nombre":"Número", "Codigo":""}
]
, "Data":[{"Fecha":"2025-04-01T00:00:00.000+02:00", "T3_TipoDato":"Provisional", "T3_Periodo":"1 de abril de", "Anyo":2025, "Valor":158481.0}
]
}
,{"COD":"ECP131379", "Nombre":"Total. Todas las edades. Palmas, Las. Población. Número. ", "T3_Unidad":"Personas", "T3_Escala":" ", "MetaData":[{"Id":451, "T3_Variable":"Sexo", "Nombre":"Total", "Codigo":""}
,{"Id":15668, "T3_Variable":"Totales de edad", "Nombre":"Todas las edades", "Codigo":""}
,{"Id":35, "T3_Variable":"Provincias", "Nombre":"Palmas, Las", "Codigo":"35"}
,{"Id":17338, "T3_Variable":"Nacimiento Residencia", "Nombre":"Población", "Codigo":""}
,{"Id":11879, "T3_Variable":"Tipo de dato", "Nombre":"Número", "Codigo":""}
]
, "Data":[{"Fecha":"2025-04-01T00:00:00.000+02:00", "T3_TipoDato":"Provisional", "T3_Periodo":"1 de abril de", "Anyo":2025, "Valor":1172161.0}
]
}
,{"COD":"ECP131378", "Nombre":"Total. Todas las edades. Pontevedra. Población. Número. ", "T3_Unidad":"Personas", "T3_Escala":" ", "MetaData":[{"Id":451, "T3_Variable":"Sexo", "Nombre":"Total", "Codigo":""}
,{"Id":15668, "T3_Variable":"Totales de edad", "Nombre":"Todas las edades", "Codigo":""}
,{"Id":36, "T3_Variable":"Provincias", "Nombre":"Pontevedra", "Codigo":"36"}
,{"Id":17338, "T3_Variable":"Nacimiento Residencia", "Nombre":"Población", "Codigo":""}
,{"Id":11879, "T3_Variable":"Tipo de dato", "Nombre":"Número", "Codigo":""}
]
, "Data":[{"Fecha":"2025-04-01T00:00:00.000+02:00", "T3_TipoDato":"Provisional", "T3_Periodo":"1 de abril de", "Anyo":2025, "Valor":949357.0}
]
}
,{"COD":"ECP131377", "Nombre":"Total. Todas las edades. Rioja, La. Población. Número. ", "T3_Unidad":"Personas", "T3_Escala":" ", "MetaData":[{"Id":451, "T3_Variable":"Sexo", "Nombre":"Total", "Codigo":""}
,{"Id":15668, "T3_Variable":"Totales de edad", "Nombre":"Todas las edades", "Codigo":""}
,{"Id":27, "T3_Variable":"Provincias", "Nombre":"Rioja, La", "Codigo":"26"}
,{"Id":17338, "T3_Variable":"Nacimiento Residencia", "Nombre":"Población", "Codigo":""}
,{"Id":11879, "T3_Variable":"Tipo de dato", "Nombre":"Número", "Codigo":""}
]
, "Data":[{"Fecha":"2025-04-01T00:00:00.000+02:00", "T3_TipoDato":"Provisional", "T3_Periodo":"1 de abril de", "Anyo":2025, "Valor":327889.0}
]
}
,{"COD":"ECP131376", "Nombre":"Total. Todas las edades. Salamanca. Población. Número. ", "T3_Unidad":"Personas", "T3_Escala":" ", "MetaData":[{"Id":451, "T3_Variable":"Sexo", "Nombre":"Total", "Codigo":""}
,{"Id":15668, "T3_Variable":"Totales de edad", "Nombre":"Todas las edades", "Codigo":""}
,{"Id":37, "T3_Variable":"Provincias", "Nombre":"Salamanca", "Codigo":"37"}
,{"Id":17338, "T3_Variable":"Nacimiento Residencia", "Nombre":"Población", "Codigo":""}
,{"Id":11879, "T3_Variable":"Tipo de dato", "Nombre":"Número", "Codigo":""}
]
, "Data":[{"Fecha":"2025-04-01T00:00:00.000+02:00", "T3_TipoDato":"Provisional", "T3_Periodo":"1 de abril de", "Anyo":2025, "Valor":327536.0}
]
}
,{"COD":"ECP131375", "Nombre":"Total. Todas las edades. Santa Cruz de Tenerife. Población. Número. ", "T3_Unidad":"Personas", "T3_Escala":" ", "MetaData":[{"Id":451, "T3_Variable":"Sexo", "Nombre":"Total", "Codigo":""}
,{"Id":15668, "T3_Variable":"Totales de edad", "Nombre":"Todas las edades", "Codigo":""}
,{"Id":38, "T3_Variable":"Provincias", "Nombre":"Santa Cruz de Tenerife", "Codigo":"38"}
,{"Id":17338, "T3_Variable":"Nacimiento Residencia", "Nombre":"Población", "Codigo":""}
,{"Id":11879, "T3_Variable":"Tipo de dato", "Nombre":"Número", "Codigo":""}
]
, "Data":[{"Fecha":"2025-04-01T00:00:00.000+02:00", "T3_TipoDato":"Provisional", "T3_Periodo":"1 de abril de", "Anyo":2025, "Valor":1086565.0}
]
}
,{"COD":"ECP131374", "Nombre":"Total. Todas las edades. Segovia. Población. Número. ", "T3_Unidad":"Personas", "T3_Escala":" ", "MetaData":[{"Id":451, "T3_Variable":"Sexo", "Nombre":"Total", "Codigo":""}
,{"Id":15668, "T3_Variable":"Totales de edad", "Nombre":"Todas las edades", "Codigo":""}
,{"Id":40, "T3_Variable":"Provincias", "Nombre":"Segovia", "Codigo":"40"}
,{"Id":17338, "T3_Variable":"Nacimiento Residencia", "Nombre":"Población", "Codigo":""}
,{"Id":11879, "T3_Variable":"Tipo de dato", "Nombre":"Número", "Codigo":""}
]
, "Data":[{"Fecha":"2025-04-01T00:00:00.000+02:00", "T3_TipoDato":"Provisional", "T3_Periodo":"1 de abril de", "Anyo":2025, "Valor":158227.0}
]
}
,{"COD":"ECP131373", "Nombre":"Total. Todas las edades. Sevilla. Población. Número. ", "T3_Unidad":"Personas", "T3_Escala":" ", "MetaData":[{"Id":451, "T3_Variable":"Sexo", "Nombre":"Total", "Codigo":""}
,{"Id":15668, "T3_Variable":"Totales de edad", "Nombre":"Todas las edades", "Codigo":""}
,{"Id":41, "T3_Variable":"Provincias", "Nombre":"Sevilla", "Codigo":"41"}
,{"Id":17338, "T3_Variable":"Nacimiento Residencia", "Nombre":"Población", "Codigo":""}
,{"Id":11879, "T3_Variable":"Tipo de dato", "Nombre":"Número", "Codigo":""}
]
, "Data":[{"Fecha":"2025-04-01T00:00:00.000+02:00", "T3_TipoDato":"Provisional", "T3_Periodo":"1 de abril de", "Anyo":2025, "Valor":1972505.0}
]
}
,{"COD":"ECP131372", "Nombre":"Total. Todas las edades. Soria. Población. Número. ", "T3_Unidad":"Personas", "T3_Escala":" ", "MetaData":[{"Id":451, "T3_Variable":"Sexo", "Nombre":"Total", "Codigo":""}
,{"Id":15668, "T3_Variable":"Totales de edad", "Nombre":"Todas las edades", "Codigo":""}
,{"Id":42, "T3_Variable":"Provincias", "Nombre":"Soria", "Codigo":"42"}
,{"Id":17338, "T3_Variable":"Nacimiento Residencia", "Nombre":"Población", "Codigo":""}
,{"Id":11879, "T3_Variable":"Tipo de dato", "Nombre":"Número", "Codigo":""}
]
, "Data":[{"Fecha":"2025-04-01T00:00:00.000+02:00", "T3_TipoDato":"Provisional", "T3_Periodo":"1 de abril de", "Anyo":2025, "Valor":90187.0}
]
}
,{"COD":"ECP131371", "Nombre":"Total. Todas las edades. Tarragona. Población. Número. ", "T3_Unidad":"Personas", "T3_Escala":" ", "MetaData":[{"Id":451, "T3_Variable":"Sexo", "Nombre":"Total", "Codigo":""}
,{"Id":15668, "T3_Variable":"Totales de edad", "Nombre":"Todas las edades", "Codigo":""}
,{"Id":43, "T3_Variable":"Provincias", "Nombre":"Tarragona", "Codigo":"43"}
,{"Id":17338, "T3_Variable":"Nacimiento Residencia", "Nombre":"Población", "Codigo":""}
,{"Id":11879, "T3_Variable":"Tipo de dato", "Nombre":"Número", "Codigo":""}
]
, "Data":[{"Fecha":"2025-04-01T00:00:00.000+02:00", "T3_TipoDato":"Provisional", "T3_Periodo":"1 de abril de", "Anyo":2025, "Valor":877704.0}
]
}
,{"COD":"ECP131370", "Nombre":"Total. Todas las edades. Teruel. Población. Número. ", "T3_Unidad":"Personas", "T3_Escala":" ", "MetaData":[{"Id":451, "T3_Variable":"Sexo", "Nombre":"Total", "Codigo":""}
,{"Id":15668, "T3_Variable":"Totales de edad", "Nombre":"Todas las edades", "Codigo":""}
,{"Id":44, "T3_Variable":"Provincias", "Nombre":"Teruel", "Codigo":"44"}
,{"Id":17338, "T3_Variable":"Nacimiento Residencia", "Nombre":"Población", "Codigo":""}
,{"Id":11879, "T3_Variable":"Tipo de dato", "Nombre":"Número", "Codigo":""}
]
, "Data":[{"Fecha":"2025-04-01T00:00:00.000+02:00", "T3_TipoDato":"Provisional", "T3_Periodo":"1 de abril de", "Anyo":2025, "Valor":135762.0}
]
}
,{"COD":"ECP131369", "Nombre":"Total. Todas las edades. Toledo. Población. Número. ", "T3_Unidad":"Personas", "T3_Escala":" ", "MetaData":[{"Id":451, "T3_Variable":"Sexo", "Nombre":"Total", "Codigo":""}
,{"Id":15668, "T3_Variable":"Totales de edad", "Nombre":"Todas las edades", "Codigo":""}
,{"Id":45, "T3_Variable":"Provincias", "Nombre":"Toledo", "Codigo":"45"}
,{"Id":17338, "T3_Variable":"Nacimiento Residencia", "Nombre":"Población", "Codigo":""}
,{"Id":11879, "T3_Variable":"Tipo de dato", "Nombre":"Número", "Codigo":""}
]
, "Data":[{"Fecha":"2025-04-01T00:00:00.000+02:00", "T3_TipoDato":"Provisional", "T3_Periodo":"1 de abril de", "Anyo":2025, "Valor":752733.0}
]
}
,{"COD":"ECP131368", "Nombre":"Total. Todas las edades. Valencia/València. Población. Número. ", "T3_Unidad":"Personas", "T3_Escala":" ", "MetaData":[{"Id":451, "T3_Variable":"Sexo", "Nombre":"Total", "Codigo":""}
,{"Id":15668, "T3_Variable":"Totales de edad", "Nombre":"Todas las edades", "Codigo":""}
,{"Id":46, "T3_Variable":"Provincias", "Nombre":"Valencia/València", "Codigo":"46"}
,{"Id":17338, "T3_Variable":"Nacimiento Residencia", "Nombre":"Población", "Codigo":""}
,{"Id":11879, "T3_Variable":"Tipo de dato", "Nombre":"Número", "Codigo":""}
]
, "Data":[{"Fecha":"2025-04-01T00:00:00.000+02:00", "T3_TipoDato":"Provisional", "T3_Periodo":"1 de abril de", "Anyo":2025, "Valor":2766375.0}
]
}
,{"COD":"ECP131367", "Nombre":"Total. Todas las edades. Valladolid. Población. Número. ", "T3_Unidad":"Personas", "T3_Escala":" ", "MetaData":[{"Id":451, "T3_Variable":"Sexo", "Nombre":"Total", "Codigo":""}
,{"Id":15668, "T3_Variable":"Totales de edad", "Nombre":"Todas las edades", "Codigo":""}
,{"Id":47, "T3_Variable":"Provincias", "Nombre":"Valladolid", "Codigo":"47"}
,{"Id":17338, "T3_Variable":"Nacimiento Residencia", "Nombre":"Población", "Codigo":""}
,{"Id":11879, "T3_Variable":"Tipo de dato", "Nombre":"Número", "Codigo":""}
]
, "Data":[{"Fecha":"2025-04-01T00:00:00.000+02:00", "T3_TipoDato":"Provisional", "T3_Periodo":"1 de abril de", "Anyo":2025, "Valor":529422.0}
]
}
,{"COD":"ECP131366", "Nombre":"Total. Todas las edades. Zamora. Población. Número. ", "T3_Unidad":"Personas", "T3_Escala":" ", "MetaData":[{"Id":451, "T3_Variable":"Sexo", "Nombre":"Total", "Codigo":""}
,{"Id":15668, "T3_Variable":"Totales de edad", "Nombre":"Todas las edades", "Codigo":""}
,{"Id":49, "T3_Variable":"Provincias", "Nombre":"Zamora", "Codigo":"49"}
,{"Id":17338, "T3_Variable":"Nacimiento Residencia", "Nombre":"Población", "Codigo":""}
,{"Id":11879, "T3_Variable":"Tipo de dato", "Nombre":"Número", "Codigo":""}
]
, "Data":[{"Fecha":"2025-04-01T00:00:00.000+02:00", "T3_TipoDato":"Provisional", "T3_Periodo":"1 de abril de", "Anyo":2025, "Valor":165313.0}
]
}
,{"COD":"ECP131365", "Nombre":"Total. Todas las edades. Zaragoza. Población. Número. ", "T3_Unidad":"Personas", "T3_Escala":" ", "MetaData":[{"Id":451, "T3_Variable":"Sexo", "Nombre":"Total", "Codigo":""}
,{"Id":15668, "T3_Variable":"Totales de edad", "Nombre":"Todas las edades", "Codigo":""}
,{"Id":50, "T3_Variable":"Provincias", "Nombre":"Zaragoza", "Codigo":"50"}
,{"Id":17338, "T3_Variable":"Nacimiento Residencia", "Nombre":"Población", "Codigo":""}
,{"Id":11879, "T3_Variable":"Tipo de dato", "Nombre":"Número", "Codigo":""}
]
, "Data":[{"Fecha":"2025-04-01T00:00:00.000+02:00", "T3_TipoDato":"Provisional", "T3_Periodo":"1 de abril de", "Anyo":2025, "Valor":987790.0}
]
}
,{"COD":"ECP131364", "Nombre":"Total. Todas las edades. Ceuta. Población. Número. ", "T3_Unidad":"Personas", "T3_Escala":" ", "MetaData":[{"Id":451, "T3_Variable":"Sexo", "Nombre":"Total", "Codigo":""}
,{"Id":15668, "T3_Variable":"Totales de edad", "Nombre":"Todas las edades", "Codigo":""}
,{"Id":51, "T3_Variable":"Provincias", "Nombre":"Ceuta", "Codigo":"51"}
,{"Id":17338, "T3_Variable":"Nacimiento Residencia", "Nombre":"Población", "Codigo":""}
,{"Id":11879, "T3_Variable":"Tipo de dato", "Nombre":"Número", "Codigo":""}
]
, "Data":[{"Fecha":"2025-04-01T00:00:00.000+02:00", "T3_TipoDato":"Provisional", "T3_Periodo":"1 de abril de", "Anyo":2025, "Valor":83436.0}
]
}
,{"COD":"ECP131363", "Nombre":"Total. Todas las edades. Melilla. Población. Número. ", "T3_Unidad":"Personas", "T3_Escala":" ", "MetaData":[{"Id":451, "T3_Variable":"Sexo", "Nombre":"Total", "Codigo":""}
,{"Id":15668, "T3_Variable":"Totales de edad", "Nombre":"Todas las edades", "Codigo":""}
,{"Id":52, "T3_Variable":"Provincias", "Nombre":"Melilla", "Codigo":"52"}
,{"Id":17338, "T3_Variable":"Nacimiento Residencia", "Nombre":"Población", "Codigo":""}
,{"Id":11879, "T3_Variable":"Tipo de dato", "Nombre":"Número", "Codigo":""}
]
, "Data":[{"Fecha":"2025-04-01T00:00:00.000+02:00", "T3_TipoDato":"Provisional", "T3_Periodo":"1 de abril de", "Anyo":2025, "Valor":87298.0}
]
}
]
