[{"COD":"EPA458939", "Nombre":"Tasa de paro de la población. Albacete. Ambos sexos. Total. ", "T3_Unidad":"Tasas", "T3_Escala":" ", "MetaData":[{"Id":283910, "T3_Variable":"Tipo de dato", "Nombre":"Tasa de paro de la población", "Codigo":""}
,{"Id":3, "T3_Variable":"Provincias", "Nombre":"Albacete", "Codigo":"02"}
,{"Id":454, "T3_Variable":"Sexo", "Nombre":"Ambos sexos", "Codigo":""}
,{"Id":21387, "T3_Variable":"Nacionalidad", "Nombre":"Total", "Codigo":""}
]
, "Data":[{"Fecha":"2025-01-01T00:00:00.000+01:00", "T3_TipoDato":"Definitivo", "T3_Periodo":"T1", "Anyo":2025, "Valor":12.18}
]
}
,{"COD":"EPA458942", "Nombre":"Tasa de paro de la población. Alicante/Alacant. Ambos sexos. Total. ", "T3_Unidad":"Tasas", "T3_Escala":" ", "MetaData":[{"Id":283910, "T3_Variable":"Tipo de dato", "Nombre":"Tasa de paro de la población", "Codigo":""}
,{"Id":4, "T3_Variable":"Provincias", "Nombre":"Alicante/Alacant", "Codigo":"03"}
,{"Id":454, "T3_Variable":"Sexo", "Nombre":"Ambos sexos", "Codigo":""}
,{"Id":21387, "T3_Variable":"Nacionalidad", "Nombre":"Total", "Codigo":""}
]
, "Data":[{"Fecha":"2025-01-01T00:00:00.000+01:00", "T3_TipoDato":"Definitivo", "T3_Periodo":"T1", "Anyo":2025, "Valor":15.51}
]
}
,{"COD":"EPA458945", "Nombre":"Tasa de paro de la población. Almería. Ambos sexos. Total. ", "T3_Unidad":"Tasas", "T3_Escala":" ", "MetaData":[{"Id":283910, "T3_Variable":"Tipo de dato", "Nombre":"Tasa de paro de la población", "Codigo":""}
,{"Id":5, "T3_Variable":"Provincias", "Nombre":"Almería", "Codigo":"04"}
,{"Id":454, "T3_Variable":"Sexo", "Nombre":"Ambos sexos", "Codigo":""}
,{"Id":21387, "T3_Variable":"Nacionalidad", "Nombre":"Total", "Codigo":""}
]
, "Data":[{"Fecha":"2025-01-01T00:00:00.000+01:00", "T3_TipoDato":"Definitivo", "T3_Periodo":"T1", "Anyo":2025, "Valor":12.43}
]
}
,{"COD":"EPA458948", "Nombre":"Tasa de paro de la población. Araba/Álava. Ambos sexos. Total. ", "T3_Unidad":"Tasas", "T3_Escala":" ", "MetaData":[{"Id":283910, "T3_Variable":"Tipo de dato", "Nombre":"Tasa de paro de la población", "Codigo":""}
,{"Id":2, "T3_Variable":"Provincias", "Nombre":"Araba/Álava", "Codigo":"01"}
,{"Id":454, "T3_Variable":"Sexo", "Nombre":"Ambos sexos", "Codigo":""}
,{"Id":21387, "T3_Variable":"Nacionalidad", "Nombre":"Total", "Codigo":""}
]
, "Data":[{"Fecha":"2025-01-01T00:00:00.000+01:00", "T3_TipoDato":"Definitivo", "T3_Periodo":"T1", "Anyo":2025, "Valor":6.59}
]
}
,{"COD":"EPA458951", "Nombre":"Tasa de paro de la población. Asturias. Ambos sexos. Total. ", "T3_Unidad":"Tasas", "T3_Escala":" ", "MetaData":[{"Id":283910, "T3_Variable":"Tipo de dato", "Nombre":"Tasa de paro de la población", "Codigo":""}
,{"Id":33, "T3_Variable":"Provincias", "Nombre":"Asturias", "Codigo":"33"}
,{"Id":454, "T3_Variable":"Sexo", "Nombre":"Ambos sexos", "Codigo":""}
,{"Id":21387, "T3_Variable":"Nacionalidad", "Nombre":"Total", "Codigo":""}
]
, "Data":[{"Fecha":"2025-01-01T00:00:00.000+01:00", "T3_TipoDato":"Definitivo", "T3_Periodo":"T1", "Anyo":2025, "Valor":9.31}
]
}
,{"COD":"EPA458954", "Nombre":"Tasa de paro de la población. Ávila. Ambos sexos. Total. ", "T3_Unidad":"Tasas", "T3_Escala":" ", "MetaData":[{"Id":283910, "T3_Variable":"Tipo de dato", "Nombre":"Tasa de paro de la población", "Codigo":""}
,{"Id":6, "T3_Variable":"Provincias", "Nombre":"Ávila", "Codigo":"05"}
,{"Id":454, "T3_Variable":"Sexo", "Nombre":"Ambos sexos", "Codigo":""}
,{"Id":21387, "T3_Variable":"Nacionalidad", "Nombre":"Total", "Codigo":""}
]
, "Data":[{"Fecha":"2025-01-01T00:00:00.000+01:00", "T3_TipoDato":"Definitivo", "T3_Periodo":"T1", "Anyo":2025, "Valor":8.35}
]
}
,{"COD":"EPA458957", "Nombre":"Tasa de paro de la población. Badajoz. Ambos sexos. Total. ", "T3_Unidad":"Tasas", "T3_Escala":" ", "MetaData":[{"Id":283910, "T3_Variable":"Tipo de dato", "Nombre":"Tasa de paro de la población", "Codigo":""}
,{"Id":7, "T3_Variable":"Provincias", "Nombre":"Badajoz", "Codigo":"06"}
,{"Id":454, "T3_Variable":"Sexo", "Nombre":"Ambos sexos", "Codigo":""}
,{"Id":21387, "T3_Variable":"Nacionalidad", "Nombre":"Total", "Codigo":""}
]
, "Data":[{"Fecha":"2025-01-01T00:00:00.000+01:00", "T3_TipoDato":"Definitivo", "T3_Periodo":"T1", "Anyo":2025, "Valor":16.67}
]
}
,{"COD":"EPA458960", "Nombre":"Tasa de paro de la población. Balears, Illes. Ambos sexos. Total. ", "T3_Unidad":"Tasas", "T3_Escala":" ", "MetaData":[{"Id":283910, "T3_Variable":"Tipo de dato", "Nombre":"Tasa de paro de la población", "Codigo":""}
,{"Id":8, "T3_Variable":"Provincias", "Nombre":"Balears, Illes", "Codigo":"07"}
,{"Id":454, "T3_Variable":"Sexo", "Nombre":"Ambos sexos", "Codigo":""}
,{"Id":21387, "T3_Variable":"Nacionalidad", "Nombre":"Total", "Codigo":""}
]
, "Data":[{"Fecha":"2025-01-01T00:00:00.000+01:00", "T3_TipoDato":"Definitivo", "T3_Periodo":"T1", "Anyo":2025, "Valor":14.78}
]
}
,{"COD":"EPA458963", "Nombre":"Tasa de paro de la población. Barcelona. Ambos sexos. Total. ", "T3_Unidad":"Tasas", "T3_Escala":" ", "MetaData":[{"Id":283910, "T3_Variable":"Tipo de dato", "Nombre":"Tasa de paro de la población", "Codigo":""}
,{"Id":9, "T3_Variable":"Provincias", "Nombre":"Barcelona", "Codigo":"08"}
,{"Id":454, "T3_Variable":"Sexo", "Nombre":"Ambos sexos", "Codigo":""}
,{"Id":21387, "T3_Variable":"Nacionalidad", "Nombre":"Total", "Codigo":""}
]
, "Data":[{"Fecha":"2025-01-01T00:00:00.000+01:00", "T3_TipoDato":"Definitivo", "T3_Periodo":"T1", "Anyo":2025, "Valor":8.66}
]
}
,{"COD":"EPA458966", "Nombre":"Tasa de paro de la población. Bizkaia. Ambos sexos. Total. ", "T3_Unidad":"Tasas", "T3_Escala":" ", "MetaData":[{"Id":283910, "T3_Variable":"Tipo de dato", "Nombre":"Tasa de paro de la población", "Codigo":""}
,{"Id":48, "T3_Variable":"Provincias", "Nombre":"Bizkaia", "Codigo":"48"}
,{"Id":454, "T3_Variable":"Sexo", "Nombre":"Ambos sexos", "Codigo":""}
,{"Id":21387, "T3_Variable":"Nacionalidad", "Nombre":"Total", "Codigo":""}
]
, "Data":[{"Fecha":"2025-01-01T00:00:00.000+01:00", "T3_TipoDato":"Definitivo", "T3_Periodo":"T1", "Anyo":2025, "Valor":8.66}
]
}
,{"COD":"EPA458969", "Nombre":"Tasa de paro de la población. Burgos. Ambos sexos. Total. ", "T3_Unidad":"Tasas", "T3_Escala":" ", "MetaData":[{"Id":283910, "T3_Variable":"Tipo de dato", "Nombre":"Tasa de paro de la población", "Codigo":""}
,{"Id":10, "T3_Variable":"Provincias", "Nombre":"Burgos", "Codigo":"09"}
,{"Id":454, "T3_Variable":"Sexo", "Nombre":"Ambos sexos", "Codigo":""}
,{"Id":21387, "T3_Variable":"Nacionalidad", "Nombre":"Total", "Codigo":""}
]
, "Data":[{"Fecha":"2025-01-01T00:00:00.000+01:00", "T3_TipoDato":"Definitivo", "T3_Periodo":"T1", "Anyo":2025, "Valor":7.76}
]
}
,{"COD":"EPA459092", "Nombre":"Tasa de paro de la población. Cáceres. Ambos sexos. Total. ", "T3_Unidad":"Tasas", "T3_Escala":" ", "MetaData":[{"Id":283910, "T3_Variable":"Tipo de dato", "Nombre":"Tasa de paro de la población", "Codigo":""}
,{"Id":11, "T3_Variable":"Provincias", "Nombre":"Cáceres", "Codigo":"10"}
,{"Id":454, "T3_Variable":"Sexo", "Nombre":"Ambos sexos", "Codigo":""}
,{"Id":21387, "T3_Variable":"Nacionalidad", "Nombre":"Total", "Codigo":""}
]
, "Data":[{"Fecha":"2025-01-01T00:00:00.000+01:00", "T3_TipoDato":"Definitivo", "T3_Periodo":"T1", "Anyo":2025, "Valor":16.49}
]
}
,{"COD":"EPA459095", "Nombre":"Tasa de paro de la población. Cádiz. Ambos sexos. Total. ", "T3_Unidad":"Tasas", "T3_Escala":" ", "MetaData":[{"Id":283910, "T3_Variable":"Tipo de dato", "Nombre":"Tasa de paro de la población", "Codigo":""}
,{"Id":12, "T3_Variable":"Provincias", "Nombre":"Cádiz", "Codigo":"11"}
,{"Id":454, "T3_Variable":"Sexo", "Nombre":"Ambos sexos", "Codigo":""}
,{"Id":21387, "T3_Variable":"Nacionalidad", "Nombre":"Total", "Codigo":""}
]
, "Data":[{"Fecha":"2025-01-01T00:00:00.000+01:00", "T3_TipoDato":"Definitivo", "T3_Periodo":"T1", "Anyo":2025, "Valor":21.49}
]
}
,{"COD":"EPA459098", "Nombre":"Tasa de paro de la población. Cantabria. Ambos sexos. Total. ", "T3_Unidad":"Tasas", "T3_Escala":" ", "MetaData":[{"Id":283910, "T3_Variable":"Tipo de dato", "Nombre":"Tasa de paro de la población", "Codigo":""}
,{"Id":39, "T3_Variable":"Provincias", "Nombre":"Cantabria", "Codigo":"39"}
,{"Id":454, "T3_Variable":"Sexo", "Nombre":"Ambos sexos", "Codigo":""}
,{"Id":21387, "T3_Variable":"Nacionalidad", "Nombre":"Total", "Codigo":""}
]
, "Data":[{"Fecha":"2025-01-01T00:00:00.000+01:00", "T3_TipoDato":"Definitivo", "T3_Periodo":"T1", "Anyo":2025, "Valor":7.86}
]
}
,{"COD":"EPA459101", "Nombre":"Tasa de paro de la población. Castellón/Castelló. Ambos sexos. Total. ", "T3_Unidad":"Tasas", "T3_Escala":" ", "MetaData":[{"Id":283910, "T3_Variable":"Tipo de dato", "Nombre":"Tasa de paro de la población", "Codigo":""}
,{"Id":13, "T3_Variable":"Provincias", "Nombre":"Castellón/Castelló", "Codigo":"12"}
,{"Id":454, "T3_Variable":"Sexo", "Nombre":"Ambos sexos", "Codigo":""}
,{"Id":21387, "T3_Variable":"Nacionalidad", "Nombre":"Total", "Codigo":""}
]
, "Data":[{"Fecha":"2025-01-01T00:00:00.000+01:00", "T3_TipoDato":"Definitivo", "T3_Periodo":"T1", "Anyo":2025, "Valor":11.32}
]
}
,{"COD":"EPA459104", "Nombre":"Tasa de paro de la población. Ciudad Real. Ambos sexos. Total. ", "T3_Unidad":"Tasas", "T3_Escala":" ", "MetaData":[{"Id":283910, "T3_Variable":"Tipo de dato", "Nombre":"Tasa de paro de la población", "Codigo":""}
,{"Id":14, "T3_Variable":"Provincias", "Nombre":"Ciudad Real", "Codigo":"13"}
,{"Id":454, "T3_Variable":"Sexo", "Nombre":"Ambos sexos", "Codigo":""}
,{"Id":21387, "T3_Variable":"Nacionalidad", "Nombre":"Total", "Codigo":""}
]
, "Data":[{"Fecha":"2025-01-01T00:00:00.000+01:00", "T3_TipoDato":"Definitivo", "T3_Periodo":"T1", "Anyo":2025, "Valor":16.27}
]
}
,{"COD":"EPA459107", "Nombre":"Tasa de paro de la población. Córdoba. Ambos sexos. Total. ", "T3_Unidad":"Tasas", "T3_Escala":" ", "MetaData":[{"Id":283910, "T3_Variable":"Tipo de dato", "Nombre":"Tasa de paro de la población", "Codigo":""}
,{"Id":15, "T3_Variable":"Provincias", "Nombre":"Córdoba", "Codigo":"14"}
,{"Id":454, "T3_Variable":"Sexo", "Nombre":"Ambos sexos", "Codigo":""}
,{"Id":21387, "T3_Variable":"Nacionalidad", "Nombre":"Total", "Codigo":""}
]
, "Data":[{"Fecha":"2025-01-01T00:00:00.000+01:00", "T3_TipoDato":"Definitivo", "T3_Periodo":"T1", "Anyo":2025, "Valor":17.32}
]
}
,{"COD":"EPA459110", "Nombre":"Tasa de paro de la población. Coruña, A. Ambos sexos. Total. ", "T3_Unidad":"Tasas", "T3_Escala":" ", "MetaData":[{"Id":283910, "T3_Variable":"Tipo de dato", "Nombre":"Tasa de paro de la población", "Codigo":""}
,{"Id":16, "T3_Variable":"Provincias", "Nombre":"Coruña, A", "Codigo":"15"}
,{"Id":454, "T3_Variable":"Sexo", "Nombre":"Ambos sexos", "Codigo":""}
,{"Id":21387, "T3_Variable":"Nacionalidad", "Nombre":"Total", "Codigo":""}
]
, "Data":[{"Fecha":"2025-01-01T00:00:00.000+01:00", "T3_TipoDato":"Definitivo", "T3_Periodo":"T1", "Anyo":2025, "Valor":7.35}
]
}
,{"COD":"EPA459113", "Nombre":"Tasa de paro de la población. Cuenca. Ambos sexos. Total. ", "T3_Unidad":"Tasas", "T3_Escala":" ", "MetaData":[{"Id":283910, "T3_Variable":"Tipo de dato", "Nombre":"Tasa de paro de la población", "Codigo":""}
,{"Id":17, "T3_Variable":"Provincias", "Nombre":"Cuenca", "Codigo":"16"}
,{"Id":454, "T3_Variable":"Sexo", "Nombre":"Ambos sexos", "Codigo":""}
,{"Id":21387, "T3_Variable":"Nacionalidad", "Nombre":"Total", "Codigo":""}
]
, "Data":[{"Fecha":"2025-01-01T00:00:00.000+01:00", "T3_TipoDato":"Definitivo", "T3_Periodo":"T1", "Anyo":2025, "Valor":8.51}
]
}
,{"COD":"EPA459116", "Nombre":"Tasa de paro de la población. Gipuzkoa. Ambos sexos. Total. ", "T3_Unidad":"Tasas", "T3_Escala":" ", "MetaData":[{"Id":283910, "T3_Variable":"Tipo de dato", "Nombre":"Tasa de paro de la población", "Codigo":""}
,{"Id":21, "T3_Variable":"Provincias", "Nombre":"Gipuzkoa", "Codigo":"20"}
,{"Id":454, "T3_Variable":"Sexo", "Nombre":"Ambos sexos", "Codigo":""}
,{"Id":21387, "T3_Variable":"Nacionalidad", "Nombre":"Total", "Codigo":""}
]
, "Data":[{"Fecha":"2025-01-01T00:00:00.000+01:00", "T3_TipoDato":"Definitivo", "T3_Periodo":"T1", "Anyo":2025, "Valor":6.55}
]
}
,{"COD":"EPA459119", "Nombre":"Tasa de paro de la población. Girona. Ambos sexos. Total. ", "T3_Unidad":"Tasas", "T3_Escala":" ", "MetaData":[{"Id":283910, "T3_Variable":"Tipo de dato", "Nombre":"Tasa de paro de la población", "Codigo":""}
,{"Id":18, "T3_Variable":"Provincias", "Nombre":"Girona", "Codigo":"17"}
,{"Id":454, "T3_Variable":"Sexo", "Nombre":"Ambos sexos", "Codigo":""}
,{"Id":21387, "T3_Variable":"Nacionalidad", "Nombre":"Total", "Codigo":""}
]
, "Data":[{"Fecha":"2025-01-01T00:00:00.000+01:00", "T3_TipoDato":"Definitivo", "T3_Periodo":"T1", "Anyo":2025, "Valor":9.57}
]
}
,{"COD":"EPA459122", "Nombre":"Tasa de paro de la población. Granada. Ambos sexos. Total. ", "T3_Unidad":"Tasas", "T3_Escala":" ", "MetaData":[{"Id":283910, "T3_Variable":"Tipo de dato", "Nombre":"Tasa de paro de la población", "Codigo":""}
,{"Id":19, "T3_Variable":"Provincias", "Nombre":"Granada", "Codigo":"18"}
,{"Id":454, "T3_Variable":"Sexo", "Nombre":"Ambos sexos", "Codigo":""}
,{"Id":21387, "T3_Variable":"Nacionalidad", "Nombre":"Total", "Codigo":""}
]
, "Data":[{"Fecha":"2025-01-01T00:00:00.000+01:00", "T3_TipoDato":"Definitivo", "T3_Periodo":"T1", "Anyo":2025, "Valor":19.64}
]
}
,{"COD":"EPA459125", "Nombre":"Tasa de paro de la población. Guadalajara. Ambos sexos. Total. ", "T3_Unidad":"Tasas", "T3_Escala":" ", "MetaData":[{"Id":283910, "T3_Variable":"Tipo de dato", "Nombre":"Tasa de paro de la población", "Codigo":""}
,{"Id":20, "T3_Variable":"Provincias", "Nombre":"Guadalajara", "Codigo":"19"}
,{"Id":454, "T3_Variable":"Sexo", "Nombre":"Ambos sexos", "Codigo":""}
,{"Id":21387, "T3_Variable":"Nacionalidad", "Nombre":"Total", "Codigo":""}
]
, "Data":[{"Fecha":"2025-01-01T00:00:00.000+01:00", "T3_TipoDato":"Definitivo", "T3_Periodo":"T1", "Anyo":2025, "Valor":10.69}
]
}
,{"COD":"EPA459128", "Nombre":"Tasa de paro de la población. Huelva. Ambos sexos. Total. ", "T3_Unidad":"Tasas", "T3_Escala":" ", "MetaData":[{"Id":283910, "T3_Variable":"Tipo de dato", "Nombre":"Tasa de paro de la población", "Codigo":""}
,{"Id":22, "T3_Variable":"Provincias", "Nombre":"Huelva", "Codigo":"21"}
,{"Id":454, "T3_Variable":"Sexo", "Nombre":"Ambos sexos", "Codigo":""}
,{"Id":21387, "T3_Variable":"Nacionalidad", "Nombre":"Total", "Codigo":""}
]
, "Data":[{"Fecha":"2025-01-01T00:00:00.000+01:00", "T3_TipoDato":"Definitivo", "T3_Periodo":"T1", "Anyo":2025, "Valor":15.88}
]
}
,{"COD":"EPA459131", "Nombre":"Tasa de paro de la población. Huesca. Ambos sexos. Total. ", "T3_Unidad":"Tasas", "T3_Escala":" ", "MetaData":[{"Id":283910, "T3_Variable":"Tipo de dato", "Nombre":"Tasa de paro de la población", "Codigo":""}
,{"Id":23, "T3_Variable":"Provincias", "Nombre":"Huesca", "Codigo":"22"}
,{"Id":454, "T3_Variable":"Sexo", "Nombre":"Ambos sexos", "Codigo":""}
,{"Id":21387, "T3_Variable":"Nacionalidad", "Nombre":"Total", "Codigo":""}
]
, "Data":[{"Fecha":"2025-01-01T00:00:00.000+01:00", "T3_TipoDato":"Definitivo", "T3_Periodo":"T1", "Anyo":2025, "Valor":8.22}
]
}
,{"COD":"EPA459134", "Nombre":"Tasa de paro de la población. Jaén. Ambos sexos. Total. ", "T3_Unidad":"Tasas", "T3_Escala":" ", "MetaData":[{"Id":283910, "T3_Variable":"Tipo de dato", "Nombre":"Tasa de paro de la población", "Codigo":""}
,{"Id":24, "T3_Variable":"Provincias", "Nombre":"Jaén", "Codigo":"23"}
,{"Id":454, "T3_Variable":"Sexo", "Nombre":"Ambos sexos", "Codigo":""}
,{"Id":21387, "T3_Variable":"Nacionalidad", "Nombre":"Total", "Codigo":""}
]
, "Data":[{"Fecha":"2025-01-01T00:00:00.000+01:00", "T3_TipoDato":"Definitivo", "T3_Periodo":"T1", "Anyo":2025, "Valor":15.28}
]
}
,{"COD":"EPA459137", "Nombre":"Tasa de paro de la población. León. Ambos sexos. Total. ", "T3_Unidad":"Tasas", "T3_Escala":" ", "MetaData":[{"Id":283910, "T3_Variable":"Tipo de dato", "Nombre":"Tasa de paro de la población", "Codigo":""}
,{"Id":25, "T3_Variable":"Provincias", "Nombre":"León", "Codigo":"24"}
,{"Id":454, "T3_Variable":"Sexo", "Nombre":"Ambos sexos", "Codigo":""}
,{"Id":21387, "T3_Variable":"Nacionalidad", "Nombre":"Total", "Codigo":""}
]
, "Data":[{"Fecha":"2025-01-01T00:00:00.000+01:00", "T3_TipoDato":"Definitivo", "T3_Periodo":"T1", "Anyo":2025, "Valor":11.01}
]
}
,{"COD":"EPA459140", "Nombre":"Tasa de paro de la población. Lleida. Ambos sexos. Total. ", "T3_Unidad":"Tasas", "T3_Escala":" ", "MetaData":[{"Id":283910, "T3_Variable":"Tipo de dato", "Nombre":"Tasa de paro de la población", "Codigo":""}
,{"Id":26, "T3_Variable":"Provincias", "Nombre":"Lleida", "Codigo":"25"}
,{"Id":454, "T3_Variable":"Sexo", "Nombre":"Ambos sexos", "Codigo":""}
,{"Id":21387, "T3_Variable":"Nacionalidad", "Nombre":"Total", "Codigo":""}
]
, "Data":[{"Fecha":"2025-01-01T00:00:00.000+01:00", "T3_TipoDato":"Definitivo", "T3_Periodo":"T1", "Anyo":2025, "Valor":3.61}
]
}
,{"COD":"EPA459143", "Nombre":"Tasa de paro de la población. Lugo. Ambos sexos. Total. ", "T3_Unidad":"Tasas", "T3_Escala":" ", "MetaData":[{"Id":283910, "T3_Variable":"Tipo de dato", "Nombre":"Tasa de paro de la población", "Codigo":""}
,{"Id":28, "T3_Variable":"Provincias", "Nombre":"Lugo", "Codigo":"27"}
,{"Id":454, "T3_Variable":"Sexo", "Nombre":"Ambos sexos", "Codigo":""}
,{"Id":21387, "T3_Variable":"Nacionalidad", "Nombre":"Total", "Codigo":""}
]
, "Data":[{"Fecha":"2025-01-01T00:00:00.000+01:00", "T3_TipoDato":"Definitivo", "T3_Periodo":"T1", "Anyo":2025, "Valor":7.8}
]
}
,{"COD":"EPA459146", "Nombre":"Tasa de paro de la población. Madrid. Ambos sexos. Total. ", "T3_Unidad":"Tasas", "T3_Escala":" ", "MetaData":[{"Id":283910, "T3_Variable":"Tipo de dato", "Nombre":"Tasa de paro de la población", "Codigo":""}
,{"Id":29, "T3_Variable":"Provincias", "Nombre":"Madrid", "Codigo":"28"}
,{"Id":454, "T3_Variable":"Sexo", "Nombre":"Ambos sexos", "Codigo":""}
,{"Id":21387, "T3_Variable":"Nacionalidad", "Nombre":"Total", "Codigo":""}
]
, "Data":[{"Fecha":"2025-01-01T00:00:00.000+01:00", "T3_TipoDato":"Definitivo", "T3_Periodo":"T1", "Anyo":2025, "Valor":9.11}
]
}
,{"COD":"EPA459149", "Nombre":"Tasa de paro de la población. Málaga. Ambos sexos. Total. ", "T3_Unidad":"Tasas", "T3_Escala":" ", "MetaData":[{"Id":283910, "T3_Variable":"Tipo de dato", "Nombre":"Tasa de paro de la población", "Codigo":""}
,{"Id":30, "T3_Variable":"Provincias", "Nombre":"Málaga", "Codigo":"29"}
,{"Id":454, "T3_Variable":"Sexo", "Nombre":"Ambos sexos", "Codigo":""}
,{"Id":21387, "T3_Variable":"Nacionalidad", "Nombre":"Total", "Codigo":""}
]
, "Data":[{"Fecha":"2025-01-01T00:00:00.000+01:00", "T3_TipoDato":"Definitivo", "T3_Periodo":"T1", "Anyo":2025, "Valor":14.79}
]
}
,{"COD":"EPA459152", "Nombre":"Tasa de paro de la población. Murcia. Ambos sexos. Total. ", "T3_Unidad":"Tasas", "T3_Escala":" ", "MetaData":[{"Id":283910, "T3_Variable":"Tipo de dato", "Nombre":"Tasa de paro de la población", "Codigo":""}
,{"Id":31, "T3_Variable":"Provincias", "Nombre":"Murcia", "Codigo":"30"}
,{"Id":454, "T3_Variable":"Sexo", "Nombre":"Ambos sexos", "Codigo":""}
,{"Id":21387, "T3_Variable":"Nacionalidad", "Nombre":"Total", "Codigo":""}
]
, "Data":[{"Fecha":"2025-01-01T00:00:00.000+01:00", "T3_TipoDato":"Definitivo", "T3_Periodo":"T1", "Anyo":2025, "Valor":12.83}
]
}
,{"COD":"EPA459155", "Nombre":"Tasa de paro de la población. Navarra. Ambos sexos. Total. ", "T3_Unidad":"Tasas", "T3_Escala":" ", "MetaData":[{"Id":283910, "T3_Variable":"Tipo de dato", "Nombre":"Tasa de paro de la población", "Codigo":""}
,{"Id":32, "T3_Variable":"Provincias", "Nombre":"Navarra", "Codigo":"31"}
,{"Id":454, "T3_Variable":"Sexo", "Nombre":"Ambos sexos", "Codigo":""}
,{"Id":21387, "T3_Variable":"Nacionalidad", "Nombre":"Total", "Codigo":""}
]
, "Data":[{"Fecha":"2025-01-01T00:00:00.000+01:00", "T3_TipoDato":"Definitivo", "T3_Periodo":"T1", "Anyo":2025, "Valor":7.49}
]
}
,{"COD":"EPA459158", "Nombre":"Tasa de paro de la población. Ourense. Ambos sexos. Total. ", "T3_Unidad":"Tasas", "T3_Escala":" ", "MetaData":[{"Id":283910, "T3_Variable":"Tipo de dato", "Nombre":"Tasa de paro de la población", "Codigo":""}
,{"Id":53, "T3_Variable":"Provincias", "Nombre":"Ourense", "Codigo":"32"}
,{"Id":454, "T3_Variable":"Sexo", "Nombre":"Ambos sexos", "Codigo":""}
,{"Id":21387, "T3_Variable":"Nacionalidad", "Nombre":"Total", "Codigo":""}
]
, "Data":[{"Fecha":"2025-01-01T00:00:00.000+01:00", "T3_TipoDato":"Definitivo", "T3_Periodo":"T1", "Anyo":2025, "Valor":11.28}
]
}
,{"COD":"EPA459161", "Nombre":"Tasa de paro de la población. Palencia. Ambos sexos. Total. ", "T3_Unidad":"Tasas", "T3_Escala":" ", "MetaData":[{"Id":283910, "T3_Variable":"Tipo de dato", "Nombre":"Tasa de paro de la población", "Codigo":""}
,{"Id":34, "T3_Variable":"Provincias", "Nombre":"Palencia", "Codigo":"34"}
,{"Id":454, "T3_Variable":"Sexo", "Nombre":"Ambos sexos", "Codigo":""}
,{"Id":21387, "T3_Variable":"Nacionalidad", "Nombre":"Total", "Codigo":""}
]
, "Data":[{"Fecha":"2025-01-01T00:00:00.000+01:00", "T3_TipoDato":"Definitivo", "T3_Periodo":"T1", "Anyo":2025, "Valor":9.08}
]
}
,{"COD":"EPA459164", "Nombre":"Tasa de paro de la población. Palmas, Las. Ambos sexos. Total. ", "T3_Unidad":"Tasas", "T3_Escala":" ", "MetaData":[{"Id":283910, "T3_Variable":"Tipo de dato", "Nombre":"Tasa de paro de la población", "Codigo":""}
,{"Id":35, "T3_Variable":"Provincias", "Nombre":"Palmas, Las", "Codigo":"35"}
,{"Id":454, "T3_Variable":"Sexo", "Nombre":"Ambos sexos", "Codigo":""}
,{"Id":21387, "T3_Variable":"Nacionalidad", "Nombre":"Total", "Codigo":""}
]
, "Data":[{"Fecha":"2025-01-01T00:00:00.000+01:00", "T3_TipoDato":"Definitivo", "T3_Periodo":"T1", "Anyo":2025, "Valor":14.28}
]
}
,{"COD":"EPA459167", "Nombre":"Tasa de paro de la población. Pontevedra. Ambos sexos. Total. ", "T3_Unidad":"Tasas", "T3_Escala":" ", "MetaData":[{"Id":283910, "T3_Variable":"Tipo de dato", "Nombre":"Tasa de paro de la población", "Codigo":""}
,{"Id":36, "T3_Variable":"Provincias", "Nombre":"Pontevedra", "Codigo":"36"}
,{"Id":454, "T3_Variable":"Sexo", "Nombre":"Ambos sexos", "Codigo":""}
,{"Id":21387, "T3_Variable":"Nacionalidad", "Nombre":"Total", "Codigo":""}
]
, "Data":[{"Fecha":"2025-01-01T00:00:00.000+01:00", "T3_TipoDato":"Definitivo", "T3_Periodo":"T1", "Anyo":2025, "Valor":10.12}
]
}
,{"COD":"EPA459170", "Nombre":"Tasa de paro de la población. Rioja, La. Ambos sexos. Total. ", "T3_Unidad":"Tasas", "T3_Escala":" ", "MetaData":[{"Id":283910, "T3_Variable":"Tipo de dato", "Nombre":"Tasa de paro de la población", "Codigo":""}
,{"Id":27, "T3_Variable":"Provincias", "Nombre":"Rioja, La", "Codigo":"26"}
,{"Id":454, "T3_Variable":"Sexo", "Nombre":"Ambos sexos", "Codigo":""}
,{"Id":21387, "T3_Variable":"Nacionalidad", "Nombre":"Total", "Codigo":""}
]
, "Data":[{"Fecha":"2025-01-01T00:00:00.000+01:00", "T3_TipoDato":"Definitivo", "T3_Periodo":"T1", "Anyo":2025, "Valor":8.84}
]
}
,{"COD":"EPA459173", "Nombre":"Tasa de paro de la población. Salamanca. Ambos sexos. Total. ", "T3_Unidad":"Tasas", "T3_Escala":" ", "MetaData":[{"Id":283910, "T3_Variable":"Tipo de dato", "Nombre":"Tasa de paro de la población", "Codigo":""}
,{"Id":37, "T3_Variable":"Provincias", "Nombre":"Salamanca", "Codigo":"37"}
,{"Id":454, "T3_Variable":"Sexo", "Nombre":"Ambos sexos", "Codigo":""}
,{"Id":21387, "T3_Variable":"Nacionalidad", "Nombre":"Total", "Codigo":""}
]
, "Data":[{"Fecha":"2025-01-01T00:00:00.000+01:00", "T3_TipoDato":"Definitivo", "T3_Periodo":"T1", "Anyo":2025, "Valor":7.24}
]
}
,{"COD":"EPA459176", "Nombre":"Tasa de paro de la población. Santa Cruz de Tenerife. Ambos sexos. Total. ", "T3_Unidad":"Tasas", "T3_Escala":" ", "MetaData":[{"Id":283910, "T3_Variable":"Tipo de dato", "Nombre":"Tasa de paro de la población", "Codigo":""}
,{"Id":38, "T3_Variable":"Provincias", "Nombre":"Santa Cruz de Tenerife", "Codigo":"38"}
,{"Id":454, "T3_Variable":"Sexo", "Nombre":"Ambos sexos", "Codigo":""}
,{"Id":21387, "T3_Variable":"Nacionalidad", "Nombre":"Total", "Codigo":""}
]
, "Data":[{"Fecha":"2025-01-01T00:00:00.000+01:00", "T3_TipoDato":"Definitivo", "T3_Periodo":"T1", "Anyo":2025, "Valor":12.68}
]
}
,{"COD":"EPA459179", "Nombre":"Tasa de paro de la población. Segovia. Ambos sexos. Total. ", "T3_Unidad":"Tasas", "T3_Escala":" ", "MetaData":[{"Id":283910, "T3_Variable":"Tipo de dato", "Nombre":"Tasa de paro de la población", "Codigo":""}
,{"Id":40, "T3_Variable":"Provincias", "Nombre":"Segovia", "Codigo":"40"}
,{"Id":454, "T3_Variable":"Sexo", "Nombre":"Ambos sexos", "Codigo":""}
,{"Id":21387, "T3_Variable":"Nacionalidad", "Nombre":"Total", "Codigo":""}
]
, "Data":[{"Fecha":"2025-01-01T00:00:00.000+01:00", "T3_TipoDato":"Definitivo", "T3_Periodo":"T1", "Anyo":2025, "Valor":4.76}
]
}
,{"COD":"EPA459182", "Nombre":"Tasa de paro de la población. Sevilla. Ambos sexos. Total. ", "T3_Unidad":"Tasas", "T3_Escala":" ", "MetaData":[{"Id":283910, "T3_Variable":"Tipo de dato", "Nombre":"Tasa de paro de la población", "Codigo":""}
,{"Id":41, "T3_Variable":"Provincias", "Nombre":"Sevilla", "Codigo":"41"}
,{"Id":454, "T3_Variable":"Sexo", "Nombre":"Ambos sexos", "Codigo":""}
,{"Id":21387, "T3_Variable":"Nacionalidad", "Nombre":"Total", "Codigo":""}
]
, "Data":[{"Fecha":"2025-01-01T00:00:00.000+01:00", "T3_TipoDato":"Definitivo", "T3_Periodo":"T1", "Anyo":2025, "Valor":13.96}
]
}
,{"COD":"EPA459185", "Nombre":"Tasa de paro de la población. Soria. Ambos sexos. Total. ", "T3_Unidad":"Tasas", "T3_Escala":" ", "MetaData":[{"Id":283910, "T3_Variable":"Tipo de dato", "Nombre":"Tasa de paro de la población", "Codigo":""}
,{"Id":42, "T3_Variable":"Provincias", "Nombre":"Soria", "Codigo":"42"}
,{"Id":454, "T3_Variable":"Sexo", "Nombre":"Ambos sexos", "Codigo":""}
,{"Id":21387, "T3_Variable":"Nacionalidad", "Nombre":"Total", "Codigo":""}
]
, "Data":[{"Fecha":"2025-01-01T00:00:00.000+01:00", "T3_TipoDato":"Definitivo", "T3_Periodo":"T1", "Anyo":2025, "Valor":7.69}
]
}
,{"COD":"EPA459188", "Nombre":"Tasa de paro de la población. Tarragona. Ambos sexos. Total. ", "T3_Unidad":"Tasas", "T3_Escala":" ", "MetaData":[{"Id":283910, "T3_Variable":"Tipo de dato", "Nombre":"Tasa de paro de la población", "Codigo":""}
,{"Id":43, "T3_Variable":"Provincias", "Nombre":"Tarragona", "Codigo":"43"}
,{"Id":454, "T3_Variable":"Sexo", "Nombre":"Ambos sexos", "Codigo":""}
,{"Id":21387, "T3_Variable":"Nacionalidad", "Nombre":"Total", "Codigo":""}
]
, "Data":[{"Fecha":"2025-01-01T00:00:00.000+01:00", "T3_TipoDato":"Definitivo", "T3_Periodo":"T1", "Anyo":2025, "Valor":12.87}
]
}
,{"COD":"EPA459191", "Nombre":"Tasa de paro de la población. Teruel. Ambos sexos. Total. ", "T3_Unidad":"Tasas", "T3_Escala":" ", "MetaData":[{"Id":283910, "T3_Variable":"Tipo de dato", "Nombre":"Tasa de paro de la población", "Codigo":""}
,{"Id":44, "T3_Variable":"Provincias", "Nombre":"Teruel", "Codigo":"44"}
,{"Id":454, "T3_Variable":"Sexo", "Nombre":"Ambos sexos", "Codigo":""}
,{"Id":21387, "T3_Variable":"Nacionalidad", "Nombre":"Total", "Codigo":""}
]
, "Data":[{"Fecha":"2025-01-01T00:00:00.000+01:00", "T3_TipoDato":"Definitivo", "T3_Periodo":"T1", "Anyo":2025, "Valor":7.87}
]
}
,{"COD":"EPA459194", "Nombre":"Tasa de paro de la población. Toledo. Ambos sexos. Total. ", "T3_Unidad":"Tasas", "T3_Escala":" ", "MetaData":[{"Id":283910, "T3_Variable":"Tipo de dato", "Nombre":"Tasa de paro de la población", "Codigo":""}
,{"Id":45, "T3_Variable":"Provincias", "Nombre":"Toledo", "Codigo":"45"}
,{"Id":454, "T3_Variable":"Sexo", "Nombre":"Ambos sexos", "Codigo":""}
,{"Id":21387, "T3_Variable":"Nacionalidad", "Nombre":"Total", "Codigo":""}
]
, "Data":[{"Fecha":"2025-01-01T00:00:00.000+01:00", "T3_TipoDato":"Definitivo", "T3_Periodo":"T1", "Anyo":2025, "Valor":14.15}
]
}
,{"COD":"EPA459197", "Nombre":"Tasa de paro de la población. Valencia/València. Ambos sexos. Total. ", "T3_Unidad":"Tasas", "T3_Escala":" ", "MetaData":[{"Id":283910, "T3_Variable":"Tipo de dato", "Nombre":"Tasa de paro de la población", "Codigo":""}
,{"Id":46, "T3_Variable":"Provincias", "Nombre":"Valencia/València", "Codigo":"46"}
,{"Id":454, "T3_Variable":"Sexo", "Nombre":"Ambos sexos", "Codigo":""}
,{"Id":21387, "T3_Variable":"Nacionalidad", "Nombre":"Total", "Codigo":""}
]
, "Data":[{"Fecha":"2025-01-01T00:00:00.000+01:00", "T3_TipoDato":"Definitivo", "T3_Periodo":"T1", "Anyo":2025, "Valor":10.91}
]
}
,{"COD":"EPA459200", "Nombre":"Tasa de paro de la población. Valladolid. Ambos sexos. Total. ", "T3_Unidad":"Tasas", "T3_Escala":" ", "MetaData":[{"Id":283910, "T3_Variable":"Tipo de dato", "Nombre":"Tasa de paro de la población", "Codigo":""}
,{"Id":47, "T3_Variable":"Provincias", "Nombre":"Valladolid", "Codigo":"47"}
,{"Id":454, "T3_Variable":"Sexo", "Nombre":"Ambos sexos", "Codigo":""}
,{"Id":21387, "T3_Variable":"Nacionalidad", "Nombre":"Total", "Codigo":""}
]
, "Data":[{"Fecha":"2025-01-01T00:00:00.000+01:00", "T3_TipoDato":"Definitivo", "T3_Periodo":"T1", "Anyo":2025, "Valor":8.75}
]
}
,{"COD":"EPA459203", "Nombre":"Tasa de paro de la población. Zamora. Ambos sexos. Total. ", "T3_Unidad":"Tasas", "T3_Escala":" ", "MetaData":[{"Id":283910, "T3_Variable":"Tipo de dato", "Nombre":"Tasa de paro de la población", "Codigo":""}
,{"Id":49, "T3_Variable":"Provincias", "Nombre":"Zamora", "Codigo":"49"}
,{"Id":454, "T3_Variable":"Sexo", "Nombre":"Ambos sexos", "Codigo":""}
,{"Id":21387, "T3_Variable":"Nacionalidad", "Nombre":"Total", "Codigo":""}
]
, "Data":[{"Fecha":"2025-01-01T00:00:00.000+01:00", "T3_TipoDato":"Definitivo", "T3_Periodo":"T1", "Anyo":2025, "Valor":12.21}
]
}
,{"COD":"EPA459206", "Nombre":"Tasa de paro de la población. Zaragoza. Ambos sexos. Total. ", "T3_Unidad":"Tasas", "T3_Escala":" ", "MetaData":[{"Id":283910, "T3_Variable":"Tipo de dato", "Nombre":"Tasa de paro de la población", "Codigo":""}
,{"Id":50, "T3_Variable":"Provincias", "Nombre":"Zaragoza", "Codigo":"50"}
,{"Id":454, "T3_Variable":"Sexo", "Nombre":"Ambos sexos", "Codigo":""}
,{"Id":21387, "T3_Variable":"Nacionalidad", "Nombre":"Total", "Codigo":""}
]
, "Data":[{"Fecha":"2025-01-01T00:00:00.000+01:00", "T3_TipoDato":"Definitivo", "T3_Periodo":"T1", "Anyo":2025, "Valor":8.37}
]
}
,{"COD":"EPA459209", "Nombre":"Tasa de paro de la población. Ceuta. Ambos sexos. Total. ", "T3_Unidad":"Tasas", "T3_Escala":" ", "MetaData":[{"Id":283910, "T3_Variable":"Tipo de dato", "Nombre":"Tasa de paro de la población", "Codigo":""}
,{"Id":51, "T3_Variable":"Provincias", "Nombre":"Ceuta", "Codigo":"51"}
,{"Id":454, "T3_Variable":"Sexo", "Nombre":"Ambos sexos", "Codigo":""}
,{"Id":21387, "T3_Variable":"Nacionalidad", "Nombre":"Total", "Codigo":""}
]
, "Data":[{"Fecha":"2025-01-01T00:00:00.000+01:00", "T3_TipoDato":"Definitivo", "T3_Periodo":"T1", "Anyo":2025, "Valor":26.01}
]
}
,{"COD":"EPA459212", "Nombre":"Tasa de paro de la población. Melilla. Ambos sexos. Total. ", "T3_Unidad":"Tasas", "T3_Escala":" ", "MetaData":[{"Id":283910, "T3_Variable":"Tipo de dato", "Nombre":"Tasa de paro de la población", "Codigo":""}
,{"Id":52, "T3_Variable":"Provincias", "Nombre":"Melilla", "Codigo":"52"}
,{"Id":454, "T3_Variable":"Sexo", "Nombre":"Ambos sexos", "Codigo":""}
,{"Id":21387, "T3_Variable":"Nacionalidad", "Nombre":"Total", "Codigo":""}
]
, "Data":[{"Fecha":"2025-01-01T00:00:00.000+01:00", "T3_TipoDato":"Definitivo", "T3_Periodo":"T1", "Anyo":2025, "Valor":26.6}
]
}
]
